Name,Emojis
"Tech Hub","ğŸ’»ğŸ“¶ğŸŒ"
"Signal Strong","ğŸ“¡âš¡ğŸ”¥"
"Network Master","ğŸ”—ğŸ’¾ğŸ®"
"Digital Space","ğŸŒğŸ’»ğŸ“±"
"WiFi Zone","ğŸ“¶ğŸ”—ğŸ’¡"
"Space Station","ğŸš€ğŸ›°ï¸ğŸŒŒ"
"Galaxy Network","ğŸŒŒâ­ğŸŒ‘"
"Rocket WiFi","ğŸš€âš¡ğŸ’¨"
"Astronaut Zone","ğŸ‘¨â€ğŸš€ğŸ›°ï¸ğŸŒŒ"
"Cosmic Signal","â­ğŸŒŒğŸ“¡"
"Gaming Hub","ğŸ®ğŸµğŸ§"
"Game Zone","ğŸ®âš”ï¸ğŸ›¡ï¸"
"Player One","ğŸ®ğŸ‘¾ğŸ¤–"
"Gaming Station","ğŸ®ğŸ¸ğŸ¤"
"Arcade WiFi","ğŸ®ğŸ’¾ğŸ”«"
"Music Studio","ğŸµğŸ§ğŸ¤"
"Rock WiFi","ğŸ¸ğŸ¤˜ğŸµ"
"Sound Wave","ğŸµğŸŒŠğŸ§"
"Music Zone","ğŸ¤ğŸ¸ğŸµ"
"Audio Hub","ğŸ§ğŸµğŸ¤"
"Nature WiFi","ğŸŒ²ğŸŒ»ğŸŒ±"
"Forest Signal","ğŸŒ²ğŸï¸ğŸŒ¿"
"Garden Network","ğŸŒ»ğŸŒ±ğŸŒ¿"
"Tree WiFi","ğŸŒ²ğŸŒ³ğŸŒ±"
"Natural Zone","ğŸŒ¿ğŸŒ»ğŸŒ±"
"Food Network","ğŸ•ğŸ”ğŸŸ"
"Pizza WiFi","ğŸ•ğŸ•ğŸ•"
"Burger Zone","ğŸ”ğŸŸğŸ¥¤"
"Snack Hub","ğŸŸğŸ•ğŸ°"
"Foodie WiFi","ğŸ•ğŸ”ğŸ°"
"Cool Zone","ğŸ˜ğŸ”¥âš¡"
"Stylish WiFi","ğŸ˜ğŸ’âœ¨"
"Awesome Network","ğŸ˜ğŸ‘ğŸ”¥"
"Epic WiFi","ğŸ”¥âš¡ğŸ’¥"
"Legendary Zone","ğŸ‘‘âš¡ğŸ”¥"
"Dark Network","ğŸ–¤ğŸŒ‘ğŸ‘»"
"Ghost WiFi","ğŸ‘»ğŸ’€ğŸ–¤"
"Mystery Zone","ğŸ”®ğŸŒ‘ğŸ‘»"
"Shadow Network","ğŸ–¤ğŸŒ‘ğŸ‘»"
"Night WiFi","ğŸŒ™â­ğŸ‘»"
"Dark Vader","ğŸ–¤ğŸ¤–âš”ï¸"
"Fun Zone","ğŸ˜„ğŸ‰ğŸˆ"
"Happy WiFi","ğŸ˜ŠğŸŒˆâœ¨"
"Party Network","ğŸ‰ğŸŠğŸˆ"
"Joy Zone","ğŸ˜„ğŸ˜ŠğŸ‰"
"Smile WiFi","ğŸ˜ŠğŸ’–âœ¨"
"Cat Zone","ğŸ±ğŸ˜¸ğŸ¾"
"Dog WiFi","ğŸ¶ğŸ•ğŸ¾"
"Panda Paradise","ğŸ¼ğŸ‹ğŸ"
"Animal Kingdom","ğŸ±ğŸ¶ğŸ¼"
"Pet Network","ğŸ¾ğŸ±ğŸ¶"
"Storm WiFi","â›ˆï¸âš¡ğŸŒ§ï¸"
"Sunny Zone","â˜€ï¸ğŸŒğŸŒ»"
"Rainbow Network","ğŸŒˆâ˜€ï¸ğŸŒ§ï¸"
"Weather Hub","ğŸŒ¤ï¸â›ˆï¸ğŸŒˆ"
"Sky WiFi","â˜ï¸ğŸŒ¤ï¸ğŸŒˆ"
"Love Zone","ğŸ’–ğŸ’•ğŸ’—"
"Heart WiFi","â¤ï¸ğŸ’™ğŸ’š"
"Sweet Network","ğŸ’–ğŸ°ğŸ’•"
"Romance Zone","ğŸ’•ğŸ’–ğŸ’—"
"Love Hub","â¤ï¸ğŸ’•ğŸ’–"
"Power Zone","âš¡ğŸ”¥ğŸ’¥"
"Energy WiFi","âš¡ğŸ”‹ğŸ’¡"
"Lightning Fast","âš¡ğŸ’¨ğŸš€"
"Power Hub","âš¡ğŸ”¥ğŸ’¥"
"Energy Zone","ğŸ”‹âš¡ğŸ’¡"
"Simple WiFi","âœ¨ğŸ’«â­"
"Clean Zone","ğŸ¤âœ¨ğŸ’«"
"Pure Network","ğŸ¤ğŸ’«âœ¨"
"Minimal WiFi","âœ¨ğŸ¤ğŸ’«"
"Clear Zone","ğŸ’«âœ¨ğŸ¤"